,id,name,reviews,rating,website,email,phone,link,address,latitude,longitude,featured_image,ranking,reviews_per_rating,review_keywords,city,destinationType,TAG
0,19656581,Sol Oasis Marrakech - All Inclusive,3822,5.0,https://tripadvisor.com/Commerce?p=TABAIndependentHotels&src=0&geo=19656581&from=Hotel_Review&area=&slot=1&matchID=1&oos=0&cnt=1&silo=30356&bucket=875171&ubucket=875171&nrank=1&crank=1&clt=CLD&tm=321026819&managed=false&capped=false&gosox=5_3Y6UYwwGjgw_c7hEwIkYeaWtkx0sZ7mNKigsNWMdwn65QtegohMAKCTd3g4W96-gpVGGxMQtZN1rmPPsILsg&adults=2&child_rm_ages=&inDay=5&outDay=6&rooms=1&inMonth=3&inYear=2025&outMonth=3&outYear=2025&def_d=false&bapid=1&cs=15b5696af060b29c139a82e5255b22986_MkT,,1 (929) 207-1033,https://www.tripadvisor.com/Hotel_Review-g293734-d19656581-Reviews-Sol_Oasis_Marrakech_All_Inclusive-Marrakech_Marrakech_Safi.html,"Douar Ben Rahmoun, Marrakech 40000 Morocco",31.706884,-7.957389,https://dynamic-media-cdn.tripadvisor.com/media/photo-o/1d/27/eb/90/sol-oasis-marrakech.jpg,"{""current_rank"": 58, ""total"": 800}","{""1"": 19, ""2"": 30, ""3"": 76, ""4"": 301, ""5"": 3396}","['entertainment team', 'sou sou', 'kids club', 'pasta station', 'pool games', 'evening shows', 'free shuttle', 'aqua aerobics', 'fantastic week', 'every night', 'table tennis', 'amazing holiday', 'an amazing hotel', 'all inclusive hotel', 'relaxing holiday', 'tennis courts', 'belly dancing', 'minute drive', 'winter sun', 'reception staff', 'restaurant staff', 'buffet restaurant', 'plenty of sunbeds', 'main restaurant', 'tagine', 'atlas mountains', 'zizou', 'fatima', 'susu', 'bira']",Marrakech,Hotel,"['Elegant Retreats', 'Luxury Lounge']"
1,11668071,La Villa Jardins D'Isa,103,5.0,,,,https://www.tripadvisor.com/Hotel_Review-g11750917-d11668071-Reviews-La_Villa_Jardins_D_Isa-Tassoultante_Marrakech_Marrakech_Safi.html,"Km 5 Route de Tahanaout, Tassoultante, Marrakech 40065 Morocco",31.539368,-7.994366,https://dynamic-media-cdn.tripadvisor.com/media/photo-o/1b/4e/56/10/decouverte-de-notre-piscine.jpg,"{""current_rank"": 1, ""total"": 3}","{""1"": 0, ""2"": 0, ""3"": 0, ""4"": 5, ""5"": 98}","['tagine', 'badminton', 'olives', 'taxi', 'pool', 'marrakech']",Marrakech,Hotel,"['Outdoor Spaces', 'airport']"
2,7856438,Aqua Mirage Marrakech Hotel Club,7773,4.0,,,,https://www.tripadvisor.com/Hotel_Review-g293734-d7856438-Reviews-Aqua_Mirage_Marrakech_Hotel_Club-Marrakech_Marrakech_Safi.html,"Km 5, Route De Tahanaout, Marrakech 40065 Morocco",31.534746,-7.992454,https://dynamic-media-cdn.tripadvisor.com/media/photo-o/0a/f0/1b/5d/aqua-parc.jpg,"{""current_rank"": 205, ""total"": 800}","{""1"": 486, ""2"": 363, ""3"": 716, ""4"": 1666, ""5"": 4544}","['animation team', 'main pool', 'michael jackson show', 'kids club', 'family holiday', 'foam party', 'tui rep', 'quiet pool', 'football pitch', 'great holiday', 'fizzy drinks', 'every night', 'paninis', 'pool party', 'evening entertainment', 'interconnecting rooms', 'meal times', 'shuttle bus', 'restaurant staff', 'water polo', 'belly dancing', 'shower room', 'plenty of sunbeds', 'tennis courts', 'cleaned daily', 'all inclusive hotel', 'hotel grounds', 'cleaned every day', 'table tennis', 'sun loungers']",Marrakech,Hotel,"['parking', 'Resort & Relaxation', 'Hospitality', 'Hotel Staff', 'Late Night Experience']"
3,12219158,Riad Andallaspa,1205,5.0,,,,https://www.tripadvisor.com/Hotel_Review-g293734-d12219158-Reviews-Riad_Andallaspa-Marrakech_Marrakech_Safi.html,"Rue Tihzrit Arset Laghzail, Marrakech 40000 Morocco",31.626806,-7.981988,https://dynamic-media-cdn.tripadvisor.com/media/photo-o/0e/97/15/6a/getlstd-property-photo.jpg,"{""current_rank"": 2, ""total"": 1251}","{""1"": 0, ""2"": 3, ""3"": 2, ""4"": 18, ""5"": 1182}","['the main square', 'family suite', 'location is great', 'mint tea', 'jemaa el fnaa square', 'tagine', 'hammam massage', 'cooking class', 'rooftop terrace', 'the entire staff', 'an oasis', 'yogurt', 'breakfast and dinner', 'ten minute walk', 'quiet street', 'moroccan culture', 'beautiful decor', 'felt like home', 'heart of marrakech', 'every morning', 'home away from home', 'highly recommend this riad', 'taxi driver', 'spent nights', 'fantastic stay', 'old city', 'the hustle and bustle', 'atlas mountains', 'morocco', 'yunus']",Marrakech,Hotel,"['Arabic', 'Opulent Escapes', 'Hotel Staff', 'Guest Experience', 'Nightlife', 'City Vibes', 'luggage', 'French Flair']"
4,303075,La Maison Arabe,3716,5.0,,,,https://www.tripadvisor.com/Hotel_Review-g293734-d303075-Reviews-La_Maison_Arabe-Marrakech_Marrakech_Safi.html,"1 Derb Assehbe Bab Doukkala, Marrakech 40000 Morocco",31.630224,-7.996193,https://dynamic-media-cdn.tripadvisor.com/media/photo-o/2c/1f/dd/37/exterior.jpg,"{""current_rank"": 10, ""total"": 800}","{""1"": 7, ""2"": 9, ""3"": 23, ""4"": 145, ""5"": 3229}","['jazz bar', 'cooking class', 'cooking school', 'international restaurant', 'cookery course', 'royal suite', 'tagine', 'beautiful hotel', 'welcome drink', 'boutique hotel', 'moroccan cuisine', 'an oasis', 'heated pool', 'free shuttle', 'visiting marrakech', 'hammam and massage', 'old city', 'atlas mountains', 'mint tea', 'the main square', 'the hustle and bustle', 'yogurt', 'jemaa el', 'morocco', 'dada', 'medina', 'adil', 'courtyard', 'luxury', 'musicians']",Marrakech,Hotel,"['riad', 'Swimming & Pools', 'Peace & Quiet', 'Vibrant Nightlife']"
5,8634354,Savoy Le Grand Hotel,3304,4.0,,,,https://www.tripadvisor.com/Hotel_Review-g293734-d8634354-Reviews-Savoy_Le_Grand_Hotel-Marrakech_Marrakech_Safi.html,"Av. Prince Moulay Rachid, Marrakech 40000 Morocco",31.617529,-8.008924,https://dynamic-media-cdn.tripadvisor.com/media/photo-o/28/2d/58/8c/photo-principale.jpg,"{""current_rank"": 232, ""total"": 800}","{""1"": 243, ""2"": 159, ""3"": 261, ""4"": 601, ""5"": 2040}","['buddha bar', 'amazing hotel', 'breakfast restaurant', 'pool view', 'guest relations', 'coffee machine', 'moroccan tea', 'main pool', 'crepes', 'atlas mountains', 'menara', 'concierge', 'mourad', 'supermarket', 'medina', 'morocco', 'sara', 'poolside', 'cleaners', 'taxis', 'hammam']",Marrakech,Hotel,"['buffet', 'Guest Experience', 'Sports & Spirits']"
6,609383,Riad Dar Anika,2205,5.0,,,,https://www.tripadvisor.com/Hotel_Review-g293734-d609383-Reviews-Riad_Dar_Anika-Marrakech_Marrakech_Safi.html,"112 Rue Riad Zitoun el Kdim, Marrakech 40000 Morocco",31.620365,-7.98589,https://dynamic-media-cdn.tripadvisor.com/media/photo-o/0a/54/c7/79/riad-dar-anika.jpg,"{""current_rank"": 37, ""total"": 800}","{""1"": 3, ""2"": 1, ""3"": 16, ""4"": 98, ""5"": 2087}","['riad dar', 'roof terrace', 'rose petals', 'mint tea', 'atlas mountains', 'the main square', 'the hustle and bustle', 'the entire staff', 'an oasis', 'the location is perfect', 'bahia palace', 'first morning', 'fresh fruit', 'old city', 'highly recommend this riad', 'perfect stay', 'day trip', 'small pool', 'jemaa el', 'pancakes', 'hammam', 'souks', 'morocco', 'map', 'briefing', 'guide', 'excursions', 'taxis', 'sanctuary', 'raid']",Marrakech,Hotel,"['riad', 'Dining', 'Outdoor Spaces', 'Easy Access', 'Walk & Discover']"
7,1053257,Iberostar Waves Club Palmeraie Marrakech,4124,4.5,,,,https://www.tripadvisor.com/Hotel_Review-g293734-d1053257-Reviews-Iberostar_Waves_Club_Palmeraie_Marrakech-Marrakech_Marrakech_Safi.html,"6 Commune Rurale Ouidane, Marrakech 03759 Morocco",31.6639,-7.899582,https://dynamic-media-cdn.tripadvisor.com/media/photo-o/2f/23/0f/14/caption.jpg,"{""current_rank"": 135, ""total"": 800}","{""1"": 30, ""2"": 68, ""3"": 157, ""4"": 778, ""5"": 3091}","['zen pool', 'main pool', 'moroccan restaurant', 'kids pool', 'white party', 'animation team', 'table tennis', 'cocktail party', 'fabulous hotel', 'shuttle bus', 'great holiday', 'moroccan night', 'small balcony', 'evening entertainment', 'garden view', 'tennis courts', 'main restaurant', 'meal times', 'aqua gym', 'kids club', 'water polo', 'visited this hotel', 'every member of staff', 'all inclusive package', 'the general manager', 'crepes', 'restaurant staff', 'pool towels', 'winter sun', 'family holiday']",Marrakech,Hotel,"['parking', 'Arabic', 'Resort & Relaxation', 'Vacation Bliss', 'Marrakech Magic']"
8,12641938,The Central House Marrakech Medina,526,4.5,,,,https://www.tripadvisor.com/Hotel_Review-g293734-d12641938-Reviews-The_Central_House_Marrakech_Medina-Marrakech_Marrakech_Safi.html,"Amssafah 32, Marrakech 40000 Morocco",31.633327,-7.987936,https://dynamic-media-cdn.tripadvisor.com/media/photo-o/17/b9/69/20/rodamon-riad-marrakech.jpg,"{""current_rank"": 12, ""total"": 411}","{""1"": 5, ""2"": 8, ""3"": 18, ""4"": 58, ""5"": 437}","['dorm room', 'female dorm', 'shared rooms', 'crazy souks', 'common areas', 'great amenities', 'private bathroom', 'every staff member', 'rooftop deck', 'walking tour', 'cleaned every day', 'your luggage', 'great place to stay', 'comfy bed', 'location is great', 'would definitely stay here again', 'enjoyed my stay', 'boutique hotel', 'perfect stay', 'airport transfer', 'air conditioning', 'breakfast was delicious', 'an oasis', 'old city', 'the hustle and bustle', 'jemaa el', 'beautiful riad', 'atlas mountains', 'hostels', 'curtains']",Marrakech,Hotel,"['parking', 'long stay', 'Guided Adventures']"
9,301256,La Mamounia Marrakech,4037,4.5,,,,https://www.tripadvisor.com/Hotel_Review-g293734-d301256-Reviews-La_Mamounia_Marrakech-Marrakech_Marrakech_Safi.html,"Avenue Bab Jdid Mamounia SPA Hamam, Marrakech 40040 Morocco",31.621534,-7.99749,https://dynamic-media-cdn.tripadvisor.com/media/photo-o/2b/fe/c4/81/hotel-entrance.jpg,"{""current_rank"": 211, ""total"": 800}","{""1"": 267, ""2"": 188, ""3"": 287, ""4"": 577, ""5"": 2718}","['beautiful hotel', 'churchill bar', 'winston churchill', 'moroccan restaurant', 'best hotels in the world', 'luxury hotel', 'gardens are beautiful', 'tennis courts', 'four seasons', 'indoor pool', 'an oasis', 'atlas mountains', 'the hustle and bustle', 'mint tea', 'spa', 'concierge', 'palace', 'terrace', 'french', 'koutoubia', 'hammam', 'olives', 'culture', 'souk', 'tranquility']",Marrakech,Hotel,"['Arabic', 'Refreshing Retreats', 'Jemaa El-Fnaa Experience']"
10,1990531,Villa Makassar,1221,5.0,,,,https://www.tripadvisor.com/Hotel_Review-g293734-d1990531-Reviews-Villa_Makassar-Marrakech_Marrakech_Safi.html,"20 Derb Chtouka Kasbah, Marrakech 40000 Morocco",31.612253,-7.987396,https://dynamic-media-cdn.tripadvisor.com/media/photo-o/06/28/8c/25/villa-makassar.jpg,"{""current_rank"": 7, ""total"": 800}","{""1"": 2, ""2"": 5, ""3"": 16, ""4"": 96, ""5"": 1102}","['deluxe suite', 'hotel spa', 'an oasis', 'atlas mountains', 'a wonderful stay', 'hotel is beautiful', 'the main square', 'spent nights', 'rooftop terrace', 'the hustle and bustle', 'mint tea', 'old city', 'tagine', 'yogurt', 'fouad', 'kasbah', 'jacuzzi', 'hammam', 'rousseau', 'morocco', 'furniture', 'souks', 'luxury', 'tranquility', 'courtyard', 'retreat', 'excursions', 'taxis']",Marrakech,Hotel,"['Markets & Souks', 'Cuisine', 'Guest Experience', 'City Vibes', 'guided tour']"
11,302479,Movenpick Hotel Mansour Eddahbi Marrakech,4785,4.5,,,,https://www.tripadvisor.com/Hotel_Review-g293734-d302479-Reviews-Movenpick_Hotel_Mansour_Eddahbi_Marrakech-Marrakech_Marrakech_Safi.html,"Avenue Mohammed VI Hivernage, Marrakech 40000 Morocco",31.62429,-8.014819,https://dynamic-media-cdn.tripadvisor.com/media/photo-o/0d/9e/49/70/spa-suite-swimming-pool.jpg,"{""current_rank"": 161, ""total"": 800}","{""1"": 127, ""2"": 100, ""3"": 262, ""4"": 669, ""5"": 3628}","['beautiful hotel', 'kids club', 'spa', 'reception', 'hind', 'concierge', 'nadia', 'hammam', 'taxis']",Marrakech,Hotel,"['experience', 'Oreintal', 'sunbeds']"
12,2536423,Grand Plaza Marrakech,1222,4.0,,,,https://www.tripadvisor.com/Hotel_Review-g293734-d2536423-Reviews-Grand_Plaza_Marrakech-Marrakech_Marrakech_Safi.html,"Angle Avenue Mohammed VI et Avenue Hassan II (en Face Du Theatre Royal), Marrakech 40000 Morocco",31.62946,-8.016441,https://dynamic-media-cdn.tripadvisor.com/media/photo-o/2c/83/05/3c/caption.jpg,"{""current_rank"": 250, ""total"": 800}","{""1"": 84, ""2"": 55, ""3"": 136, ""4"": 445, ""5"": 502}","['red hotel', 'opposite the train station', 'pool area', 'mini bar', 'modern hotel', 'nice pool', 'breakfast and dinner', 'day trip', 'old city', 'the main square', 'taxi', 'morocco', 'medina', 'casablanca', 'poolside']",Marrakech,Hotel,"['parking', 'restaurant', 'Swimming & Pools', 'Bustling Streets', 'airport', 'Guided Adventures']"
13,1941087,Kenzi Club Agdal Medina,9744,4.5,,,,https://www.tripadvisor.com/Hotel_Review-g293734-d1941087-Reviews-Kenzi_Club_Agdal_Medina-Marrakech_Marrakech_Safi.html,"Blvd Mohammed VI Zone De L'Agdal, Marrakech 40000 Morocco",31.57954,-7.983402,https://dynamic-media-cdn.tripadvisor.com/media/photo-o/1c/79/a1/d3/kenzi-club-agdal-medina.jpg,"{""current_rank"": 147, ""total"": 800}","{""1"": 246, ""2"": 301, ""3"": 854, ""4"": 2528, ""5"": 5815}","['animation team', 'pool bar', 'golf buggy', 'private pool', 'reception staff', 'shuttle bus', 'every night', 'all inclusive hotel', 'french guests', 'french speaking', 'themed nights', 'table tennis', 'mini club', 'evening entertainment', 'water aerobics', 'plenty of sunbeds', 'short break', 'olive trees', 'meal times', 'kids club', 'main restaurant', 'all inclusive package', 'moroccan restaurant', 'main pool', 'hotel grounds', 'winter sun', 'fantastic holiday', 'camel ride', 'cleaned daily', 'cleaned every day']",Marrakech,Hotel,"['experience', 'Outdoor Spaces', 'Luxury', 'Accommodation', 'Late Night Experience', 'Chill & Relax', 'relaxing']"
14,6621142,TUI BLUE Medina Gardens,1738,4.5,,,,https://www.tripadvisor.com/Hotel_Review-g293734-d6621142-Reviews-TUI_BLUE_Medina_Gardens-Marrakech_Marrakech_Safi.html,"Arset Djenan Lakhdar, Marrakech 40000 Morocco",31.627748,-7.995484,https://dynamic-media-cdn.tripadvisor.com/media/photo-o/1b/17/b2/53/tui-blue-medina-gardens.jpg,"{""current_rank"": 145, ""total"": 800}","{""1"": 25, ""2"": 34, ""3"": 94, ""4"": 324, ""5"": 1261}","['tui rep', 'fountain bar', 'jacuzzi room', 'main pool', 'fitness instructor', 'gala night', 'relaxation pool', 'white night', 'artisan centre', 'pool party', 'moroccan night', 'plenty of sunbeds', 'buffet restaurant', 'main restaurant', 'robes and slippers', 'themed nights', 'management team', 'hotel is in a great location', 'smaller pool', 'moroccan dishes', 'spent a week here', 'heated pool', 'an amazing holiday', 'all inclusive hotel', 'restaurant staff', 'for making our holiday', 'relaxing holiday', 'sun loungers', 'a great week', 'evening entertainment']",Marrakech,Hotel,"['Outdoor Spaces', 'Guest Experience', 'Comfort & Enjoyment', 'Hospitality', 'Perfect Week']"
15,628885,"Marrakech Riads, Angsana Heritage Collection",1282,4.5,https://tripadvisor.com/Commerce?p=TABAIndependentHotels&src=0&geo=628885&from=Hotel_Review&area=&slot=1&matchID=1&oos=0&cnt=1&silo=30356&bucket=875171&ubucket=875171&nrank=1&crank=1&clt=CLD&tm=321026821&managed=false&capped=false&gosox=5_3Y6UYwwGjgw_c7hEwIkettNTjuC0FwpmDJqIZI9SXO-a5VxNpJc98DEIrT0DJpxbmnYdy_7jnWOlUF7t9V7Q&adults=2&child_rm_ages=&inDay=5&outDay=6&rooms=1&inMonth=3&inYear=2025&outMonth=3&outYear=2025&def_d=false&bapid=1&cs=1cf0ef189a0124d5e890bcb0548e2fbe8_JkU,marrakech@angsana.com,011 212 678-966066,https://www.tripadvisor.com/Hotel_Review-g293734-d628885-Reviews-Marrakech_Riads_Angsana_Heritage_Collection-Marrakech_Marrakech_Safi.html,"24 Derb Si Said, Marrakech 40000 Morocco",31.622423,-7.983676,https://dynamic-media-cdn.tripadvisor.com/media/photo-o/2c/14/38/e5/patio.jpg,"{""current_rank"": 23, ""total"": 1251}","{""1"": 10, ""2"": 18, ""3"": 47, ""4"": 263, ""5"": 944}","['riad blanc', 'riad lydines', 'bab firdaus', 'mobile phone', 'roof terrace', 'the main square', 'bahia palace', 'plunge pool', 'memorable stay', 'stayed nights', 'riad experience', 'narrow streets', 'breakfast and dinner', 'long weekend', 'small pool', 'atlas mountains', 'away from the hustle and bustle', 'an oasis', 'mint tea', 'tucked away', 'day trip', 'souks', 'morocco', 'ismail', 'courtyard', 'luc', 'guide', 'slippers', 'taxis', 'el']",Marrakech,Hotel,"['parking', 'Heritage', 'Dining', 'Water Activities', 'Late Night Experience', 'Guest Experience', 'guided tour']"
16,877823,Valeria Madina Club Resort,4447,4.0,,,,https://www.tripadvisor.com/Hotel_Review-g293734-d877823-Reviews-Valeria_Madina_Club_Resort-Marrakech_Marrakech_Safi.html,"Route De Fes Bab Atlas, Marrakech 40000 Morocco",31.66246,-7.891984,https://dynamic-media-cdn.tripadvisor.com/media/photo-o/18/19/52/ff/club-marmara-madina.jpg,"{""current_rank"": 276, ""total"": 800}","{""1"": 309, ""2"": 348, ""3"": 655, ""4"": 1342, ""5"": 1793}","['entertainment team', 'clean rooms', 'mango pool', 'break dance', 'french families', 'amazing resort', 'pools are lovely', 'aqua zumba', 'nice holiday', 'aqua park', 'mini disco', 'an enjoyable stay', 'winter break', 'loved our stay', 'sister hotel', 'all inclusive hotel', 'meal times', 'fresh towels', 'plenty of sunbeds', 'the hotel manager', 'family holiday', 'main pool', 'the ground floor', 'tagine', 'mido', 'entertaiment', 'marmara', 'yummmy', 'juluis', 'aya']",Marrakech,Hotel,"['experience', 'Premium Hospitality', 'Swimming & Pools', 'Guest Experience', 'Guest Experience', 'Easy Access', 'Chill & Relax', 'Vacation Bliss']"
17,27176436,Click Riad Marrakech,598,5.0,,,,https://www.tripadvisor.com/Hotel_Review-g293734-d27176436-Reviews-Click_Riad_Marrakech-Marrakech_Marrakech_Safi.html,"Derb El Ferrane Ndeg57 Arest El Mesfioui , Bab Ghmat , Marrakech, Marrakech 40400 Morocco",31.625841,-7.976133,https://dynamic-media-cdn.tripadvisor.com/media/photo-o/2b/64/76/84/caption.jpg,"{""current_rank"": 11, ""total"": 800}","{""1"": 3, ""2"": 4, ""3"": 1, ""4"": 40, ""5"": 551}",[],Marrakech,Hotel,[]
18,304468,Kenzi Rose Garden,960,4.5,,,,https://www.tripadvisor.com/Hotel_Review-g293734-d304468-Reviews-Kenzi_Rose_Garden-Marrakech_Marrakech_Safi.html,"Avenue Du President Kennedy, Marrakech 40000 Morocco",31.62243,-8.006564,https://dynamic-media-cdn.tripadvisor.com/media/photo-o/19/a3/e7/e2/kenzi-rose-garden.jpg,"{""current_rank"": 197, ""total"": 800}","{""1"": 55, ""2"": 30, ""3"": 74, ""4"": 120, ""5"": 681}","['animation team', 'nice stay', 'very nice hotel', 'aqua gym', 'guest relations', 'walking distance', 'recommend this hotel', 'pool bar', 'rooms are big', 'water polo', 'spacious room', 'pool staff', 'half board', 'kids club', 'visit marrakech', 'an oasis', 'rania', 'aya', 'omar', 'pools', 'reception', 'waterpolo', 'towels', 'selma', 'eid', 'gueliz', 'honeymoon', 'concierge', 'tennis', 'square']",Marrakech,Hotel,"['riad', 'Outdoor Spaces', 'Refreshing Retreats', 'Guest Experience', 'Comfort & Enjoyment', 'Hospitality', 'Prime Location']"
19,1649367,Marrakech Ryads Parc,1153,4.0,,,,https://www.tripadvisor.com/Hotel_Review-g293734-d1649367-Reviews-Marrakech_Ryads_Parc-Marrakech_Marrakech_Safi.html,"Douar Ouled Berrahmoun, Marrakech 40000 Morocco",31.703922,-7.957321,https://dynamic-media-cdn.tripadvisor.com/media/photo-o/15/c3/e5/37/ona-marrakech-ryads-spa.jpg,"{""current_rank"": 278, ""total"": 800}","{""1"": 107, ""2"": 104, ""3"": 147, ""4"": 248, ""5"": 547}","['animation team', 'blue bar', 'every night', 'terrace bar', 'ample sunbeds', 'buffet restaurant', 'the hotel shuttle bus', 'evening entertainment', 'relaxing week', 'camel riding', 'great holiday', 'speak french', 'enjoyed my stay', 'family holiday', 'double bed', 'pool area is', 'table tennis', 'hotel is lovely', 'water polo', 'all inclusive hotel', 'hotel grounds', 'guided tour', 'rooms are lovely', 'cleaned daily', 'moroccan food', 'pancakes', 'tagine', 'the hustle and bustle', 'atlas mountains', 'ona']",Marrakech,Hotel,"['Markets & Souks', 'Comfort & Hygiene', 'Positivity', 'Nightlife', 'Accommodation', 'Vacation Bliss']"
20,1436744,Jaal Riad Resort,528,4.0,,,,https://www.tripadvisor.com/Hotel_Review-g293734-d1436744-Reviews-Jaal_Riad_Resort-Marrakech_Marrakech_Safi.html,"Avenue Mohammed VI, Marrakech 40020 Morocco",31.593313,-7.990948,https://dynamic-media-cdn.tripadvisor.com/media/photo-o/23/83/8d/a4/jaal-riad-resort-adults.jpg,"{""current_rank"": 227, ""total"": 800}","{""1"": 41, ""2"": 53, ""3"": 51, ""4"": 70, ""5"": 313}","['f b manager', 'pool view room', 'a wonderful stay', 'stunning hotel', 'french guests', 'duty manager', 'pool area is lovely', 'peace and tranquility', 'rose petals', 'moroccan restaurant', 'day trip', 'every morning', 'the hustle and bustle', 'atlas mountains', 'salim', 'sauna', 'musicians', 'taxi', 'loungers', 'maids', 'marakesh', 'morocco', 'terrace', 'hammam', 'medina']",Marrakech,Hotel,"['parking', 'Oreintal', 'Local Flavors', 'Positivity', 'Late Night Experience', 'Guided Adventures', 'Souk Adventures']"
21,526549,Riad Meriem,158,4.5,,,,https://www.tripadvisor.com/Hotel_Review-g293734-d526549-Reviews-Riad_Meriem-Marrakech_Marrakech_Safi.html,"97 Derb El Cadi, Azbest Medina, Marrakech Morocco",31.628736,-7.984219,https://dynamic-media-cdn.tripadvisor.com/media/photo-o/0b/82/9f/78/dachterrasse.jpg,"{""current_rank"": 252, ""total"": 800}","{""1"": 2, ""2"": 1, ""3"": 7, ""4"": 21, ""5"": 127}","['roof terrace', 'location is great', 'helpful tips', 'main square', 'yogurt']",Marrakech,Hotel,"['riad', 'Cuisine', 'Spiritual', 'Cultural Fusion']"
22,299685,Sofitel Marrakech Palais Imperial & Spa,9328,4.5,,,,https://www.tripadvisor.com/Hotel_Review-g293734-d299685-Reviews-Sofitel_Marrakech_Palais_Imperial_Spa-Marrakech_Marrakech_Safi.html,"Rue Harroun Errachid Quartier De L'hivernage, Marrakech 40000 Morocco",31.621305,-8.002829,https://dynamic-media-cdn.tripadvisor.com/media/photo-o/05/72/9b/3b/sofitel-marrakech-palais.jpg,"{""current_rank"": 187, ""total"": 800}","{""1"": 390, ""2"": 406, ""3"": 694, ""4"": 1589, ""5"": 6250}","['lawrence bar', 'l orangerie', 'pool area', 'beautiful hotel', 'breakfast buffet is', 'pool staff', 'superior room', 'moroccan tea', 'concierge', 'farah', 'shisha', 'loungers', 'taxis', 'hammam', 'souk']",Marrakech,Hotel,"['parking', 'Arabic', 'buffet', 'Resort & Relaxation', 'sunbeds', 'luggage']"
23,1718231,Ksar Anika Boutique Hotel & Spa,209,5.0,,,,https://www.tripadvisor.com/Hotel_Review-g293734-d1718231-Reviews-Ksar_Anika_Boutique_Hotel_Spa-Marrakech_Marrakech_Safi.html,"Avenue Imam El Ghazali Mellah Next to Jewish Monument Mellah, Marrakech 40000 Morocco",31.62079,-7.980777,https://dynamic-media-cdn.tripadvisor.com/media/photo-o/23/90/1d/b7/outdoor-courtyard-pool.jpg,"{""current_rank"": 35, ""total"": 800}","{""1"": 1, ""2"": 0, ""3"": 1, ""4"": 9, ""5"": 198}","['rooms are spacious', 'large rooftop terrace', 'inner yard', 'breakfast was amazing', 'traditional hammam', 'bahia palace', 'stayed longer', 'memorable stay', 'riad experience', 'orange juice', 'two nights', 'few minutes walk', 'excellent stay', 'highly recommend this riad', 'rose petals', 'homemade yogurt', 'visit marrakech', 'heart of marrakech', 'swimming pool', 'lovely riad', 'every morning', 'the main square', 'an oasis', 'mellah', 'shampoo', 'fountain', 'tranquil', 'souks', 'comfort', 'courtyard']",Marrakech,Hotel,"['experience', 'Nightlife', 'Scenic Walks', 'Wellness & Balance', 'Marrakech Magic']"
24,16541118,Barcelo Palmeraie Oasis Resort,1746,4.5,,,,https://www.tripadvisor.com/Hotel_Review-g293734-d16541118-Reviews-Barcelo_Palmeraie_Oasis_Resort-Marrakech_Marrakech_Safi.html,"KM 6 Route de Fes, Marrakech 40600 Morocco",31.66131,-7.933358,https://dynamic-media-cdn.tripadvisor.com/media/photo-o/16/70/a0/07/barcelo-palmeraie.jpg,"{""current_rank"": 179, ""total"": 800}","{""1"": 104, ""2"": 77, ""3"": 153, ""4"": 309, ""5"": 1104}","['lovely relaxing time', 'great experience for the entire family', 'extra guests', 'the friendly reception staff', 'kids pool', 'show cooking', 'pool bar', 'guest experience', 'half board', 'shuttle bus service', 'buffet food', 'guest services', 'kids club', 'free shuttle', 'room was clean and comfortable', 'french guests', 'main bar', 'excellent holiday', 'lovely hotel', 'moroccan dishes', 'quiet location', 'tennis courts', 'great facilities', 'hotel grounds', 'orange blossom', 'table tennis', 'visiting marrakech', 'wonderful stay', 'would highly recommend this hotel', 'stayed here for a week']",Marrakech,Hotel,"['riad', 'Oreintal', 'Accommodation', 'Guest Experience', 'Skyline Views']"
25,299178,"InterContinental Doha Beach & Spa, an IHG hotel",4583,4.5,https://tripadvisor.com/Commerce?p=TABAIndependentHotels&src=139917197&geo=299178&from=Hotel_Review&area=&slot=1&matchID=1&oos=0&cnt=1&silo=30356&bucket=1007820&nrank=1&crank=1&clt=CLD&ttype=ContactLinkDesktop&tm=321026950&managed=false&capped=false&gosox=srVNQGoQ5BIVms7GkGUZCKL4CLybQm-R30SAtBsffBKISYJpTBzVDJrspvZooaZMtTBJMWLqDYB4ZNe5zmZDb5xAxxPmH3A0JXPG8B6kpDud6YY_xckpBuP0UW0wMBtI&adults=2&child_rm_ages=&inDay=5&outDay=6&rooms=1&dated=true&inMonth=3&inYear=2025&outMonth=3&outYear=2025&def_d=false&bapid=1&cs=1f4fda0a78f3cdcfcce1d8bf0bc835346_73Z,icdoha@ihg.com,1 (877) 859-5095,https://www.tripadvisor.com/Hotel_Review-g294009-d299178-Reviews-InterContinental_Doha_Beach_Spa_an_IHG_hotel-Doha.html,"Street 900 Bldg. No. 25, Zone 61, Al Dafna, West Bay, Doha, State Of Qatar, Doha Qatar",25.3487,51.529198,https://dynamic-media-cdn.tripadvisor.com/media/photo-o/27/ac/41/51/intercontinental-doha.jpg,"{""current_rank"": 14, ""total"": 224}","{""1"": 76, ""2"": 39, ""3"": 129, ""4"": 479, ""5"": 3860}","['coral restaurant', 'belgian cafe', 'la mar', 'mykonos restaurant', 'greek restaurant', 'the club lounge', 'pool terrace', 'special thanks', 'private beach', 'excellent service', 'taking care', 'sea view', 'sushi', 'many thanks', 'thank you so much', 'west bay', 'belgium', 'ashok', 'paloma', 'tuan', 'elsa', 'ihg', 'team', 'mr', 'grace', 'gym', 'brunch', 'friday', 'staycation', 'guys']",Doha,Hotel,"['Oreintal', 'Dining', 'Swimming & Pools', 'Guest Experience', 'lounge', 'Mindful']"
26,15872284,Premier Inn Doha Airport Hotel,347,5.0,,,,https://www.tripadvisor.com/Hotel_Review-g294009-d15872284-Reviews-Premier_Inn_Doha_Airport_Hotel-Doha.html,"Saeed Bin Al Aas Street Off C Ring Road, Doha Qatar",25.28122,51.5507,https://dynamic-media-cdn.tripadvisor.com/media/photo-o/1b/2b/1e/d0/premier-inn-doha-airport.jpg,"{""current_rank"": 47, ""total"": 224}","{""1"": 4, ""2"": 0, ""3"": 8, ""4"": 31, ""5"": 304}","['short night', 'special thanks', 'f b', 'between flights', 'minutes from the airport', 'excellent service', 'comfy bed', 'great stay', 'world cup', 'national museum', 'short stay', 'hour layover', 'excellent experience', 'housekeeping team', 'restaurant staff', 'metro station', 'close to the airport', 'second home', 'long flight', 'keep up the good work', 'room service', 'thank you so much', 'excellent hotel', 'quarantine', 'mj', 'rahman', 'bandara', 'mr', 'rai', 'lok']",Doha,Hotel,"['riad', 'Arabic', 'Premium Hospitality', 'Hospitality', 'Positivity', 'Nightlife', 'Accommodation']"
27,6947628,Oryx Airport Hotel,1654,4.5,https://tripadvisor.com/Commerce?p=TABAIndependentHotels&src=0&geo=6947628&from=Hotel_Review&area=&slot=3&matchID=1&oos=0&cnt=1&silo=30356&bucket=875171&ubucket=875171&nrank=1&crank=1&clt=CLD&tm=321026950&managed=false&capped=false&gosox=5_3Y6UYwwGjgw_c7hEwIkUPMoXqF0WqUzs16nPFFbTSMJE3ze8Vu9xFXsUq8ous969DfO6RkoRFBrhW54XvEOg&adults=2&child_rm_ages=&inDay=5&outDay=6&rooms=1&inMonth=3&inYear=2025&outMonth=3&outYear=2025&def_d=false&bapid=3&cs=1aa30fbe1a03bd262df2019671cef7894_6NK,reservation1@oryxairporthotel.com,011 974 4010 8100,https://www.tripadvisor.com/Hotel_Review-g294009-d6947628-Reviews-Oryx_Airport_Hotel-Doha.html,"Hamad International Airport, Doha Qatar",25.262321,51.612892,https://dynamic-media-cdn.tripadvisor.com/media/photo-o/2c/21/b9/68/external-view.jpg,"{""current_rank"": 2, ""total"": 24}","{""1"": 41, ""2"": 49, ""3"": 146, ""4"": 510, ""5"": 908}","['long layover', 'hour layover', 'between flights', 'teddy bear', 'wake up call', 'hamad international airport', 'transit passengers', 'qatar airways', 'connecting flight', 'room service', 'comfortable bed', 'hotel room', 'booked this hotel', 'short stay', 'sleep', 'shower', 'convenience', 'airside', 'hairdryer', 'immigration', 'stopover', 'rates', 'gym', 'maldives', 'slippers', 'checkin', 'mr']",Doha,Hotel,"['experience', 'Heritage', 'Guest Experience', 'airport']"
28,6002564,Banana Island Resort Doha by Anantara,5686,4.5,https://tripadvisor.com/Commerce?p=TABAIndependentHotels&src=0&geo=6002564&from=Hotel_Review&area=&slot=1&matchID=1&oos=0&cnt=1&silo=30356&bucket=875171&ubucket=875171&nrank=1&crank=1&clt=CLD&tm=321026950&managed=false&capped=false&gosox=5_3Y6UYwwGjgw_c7hEwIkT7LT8DrhfrwrrkViSADcs4rZ8NL6jsp7g_EPXvr5hvQo0bz5z3zKdgAwvIXbhSAxQ&adults=2&child_rm_ages=&inDay=5&outDay=6&rooms=1&inMonth=3&inYear=2025&outMonth=3&outYear=2025&def_d=false&bapid=1&cs=1c6497a45cfffb21c12f10a33d803a047_gNo,doha@anantara.com,011 974 4040 5050,https://www.tripadvisor.com/Hotel_Review-g294009-d6002564-Reviews-Banana_Island_Resort_Doha_by_Anantara-Doha.html,"Banana Island, Doha 23919 Qatar",25.298029,51.640636,https://dynamic-media-cdn.tripadvisor.com/media/photo-o/27/14/c1/43/caption.jpg,"{""current_rank"": 40, ""total"": 224}","{""1"": 137, ""2"": 126, ""3"": 186, ""4"": 602, ""5"": 4635}","['q lounge', 'al nahham', 'azraq restaurant', 'surf pool', 'private pool', 'arabic restaurant', 'day pass', 'kids club', 'special thanks', 'amazing experience', 'sea view', 'thank you so much', 'taking care', 'amazing staff', 'bowling', 'villa', 'cinema', 'teds', 'facilities', 'maldives', 'tennis', 'mr', 'bassem', 'team', 'services', 'relaxation', 'butler', 'guys', 'staycation', 'kindness']",Doha,Hotel,"['Premium Hospitality', 'Guest Experience', 'Chill & Relax', 'Spiritual']"
29,14938731,Al Najada Doha Hotel By Tivoli,887,4.5,https://tripadvisor.com/Commerce?p=TABAIndependentHotels&src=0&geo=14938731&from=Hotel_Review&area=&slot=1&matchID=1&oos=0&cnt=1&silo=30356&bucket=875171&ubucket=875171&nrank=1&crank=1&clt=CLD&tm=321026950&managed=false&capped=false&gosox=5_3Y6UYwwGjgw_c7hEwIkYLkYITDrvl6s0ev_lO7NJuq_eRd-LZf2HtBmF-_edU_3kXUR6kcs5mJLj3GaC4c1g&adults=2&child_rm_ages=&inDay=5&outDay=6&rooms=1&inMonth=3&inYear=2025&outMonth=3&outYear=2025&def_d=false&bapid=1&cs=16931e5d08c08c95b67caf36151e4104d_LZH,alnajada@tivolihotels.com,011 974 4470 4444,https://www.tripadvisor.com/Hotel_Review-g294009-d14938731-Reviews-Al_Najada_Doha_Hotel_By_Tivoli-Doha.html,"Barahat Al Jufairi Street, Doha Qatar",25.2849,51.53366,https://dynamic-media-cdn.tripadvisor.com/media/photo-o/16/95/e4/68/piazza-view.jpg,"{""current_rank"": 52, ""total"": 224}","{""1"": 20, ""2"": 8, ""3"": 21, ""4"": 96, ""5"": 742}","['souq waqif', 'piazza view', 'sister hotel', 'metro station', 'perfect location', 'national museum', 'breakfast was excellent', 'walking distance', 'lovely hotel', 'wonderful stay', 'hotel is located', 'early check', 'five star hotel', 'special thanks', 'world cup', 'amazing staff', 'sharif', 'corniche', 'stopover', 'balconies', 'bathrobes', 'concierge', 'skyline', 'mr', 'services', 'kindness', 'taxis', 'quarantine', 'arabic']",Doha,Hotel,"['shuttle', 'Hotel Staff', 'long stay', 'Bustling Streets', 'Souk Adventures']"
30,25188677,Shaza Doha,282,4.5,,,,https://www.tripadvisor.com/Hotel_Review-g294009-d25188677-Reviews-Shaza_Doha-Doha.html,"Msheireb Street, Doha 19053 Qatar",25.286966,51.540802,https://dynamic-media-cdn.tripadvisor.com/media/photo-o/27/3c/be/66/exterior.jpg,"{""current_rank"": 58, ""total"": 224}","{""1"": 9, ""2"": 7, ""3"": 7, ""4"": 18, ""5"": 241}","['grand trunk road', 'thank you so much', 'see you soon', 'mouth watering', 'amazing hotel', 'special thanks', 'spa', 'services', 'sindhi', 'asif', 'team', 'cleanliness', 'reception', 'ambience', 'souq', 'floor', 'mr']",Doha,Hotel,"['Oreintal', '5-Star Comfort', 'Hospitality']"
31,26360478,Central Inn Souq Waqif,81,4.5,,,,https://www.tripadvisor.com/Hotel_Review-g294009-d26360478-Reviews-Central_Inn_Souq_Waqif-Doha.html,"948 Bin malik 948, Zone, Souq Waqif, Old Al Ghanim, Doha 19442 Qatar",25.22938,51.54079,https://dynamic-media-cdn.tripadvisor.com/media/photo-o/29/c8/6b/cf/entrance.jpg,"{""current_rank"": 96, ""total"": 224}","{""1"": 6, ""2"": 2, ""3"": 2, ""4"": 9, ""5"": 62}",[],Doha,Hotel,[]
32,25280396,The Chedi Katara Hotel & Resort - A GHM hotel,1158,5.0,,,,https://www.tripadvisor.com/Hotel_Review-g294009-d25280396-Reviews-The_Chedi_Katara_Hotel_Resort_A_GHM_hotel-Doha.html,"834 Shakespeare St Katara Cultural Village, Doha Qatar",25.363853,51.529472,https://dynamic-media-cdn.tripadvisor.com/media/photo-o/2c/2c/44/17/pool-exterior-day.jpg,"{""current_rank"": 3, ""total"": 224}","{""1"": 3, ""2"": 4, ""3"": 7, ""4"": 47, ""5"": 1098}","['reception manager', 'special thanks', 'an amazing experience', 'the swimming pool area', 'day pass', 'cigar lounge', 'many thanks', 'the hotel staff', 'exceptional service', 'enjoyed our stay', 'amazing staff', 'beautiful hotel', 'thank you so much', 'west bay', 'patara', 'johannes', 'ms', 'villa', 'persian', 'team', 'lal', 'privacy', 'assistance', 'amenities', 'lobby', 'luggage', 'gym', 'staycation', 'qatar', 'services']",Doha,Hotel,"['riad', '5-Star Comfort', 'Water Activities', 'Guest Experience', 'airport', 'Positive Vibes']"
33,23514219,Steigenberger Hotel Doha,364,4.5,,,,https://www.tripadvisor.com/Hotel_Review-g294009-d23514219-Reviews-Steigenberger_Hotel_Doha-Doha.html,"Al Matar Street, Plot. No. 9, Street No. 850, Area No. 26 Building No. 82, Street No. 310, Zone No. 26, Doha Qatar",25.271074,51.545113,https://dynamic-media-cdn.tripadvisor.com/media/photo-o/28/5c/34/ae/steigenberger-hotel-doha.jpg,"{""current_rank"": 72, ""total"": 224}","{""1"": 23, ""2"": 8, ""3"": 13, ""4"": 38, ""5"": 282}","['semi buffet', 'surely comeback', 'ramadan iftar', 'breakfast buffet', 'very clean hotel', 'special thanks', 'very nice experience', 'metro station', 'seafood night', 'f b', 'enjoyed my stay', 'professional staff', 'spacious rooms', 'excellent service', 'thank you very much', 'excellent hotel', 'swimming pool', 'esperanza', 'eunice', 'mona', 'shiva', 'olea', 'nur', 'rochelle', 'osama', 'vibes', 'supervisor', 'team', 'staycation', 'varieties']",Doha,Hotel,"['shuttle', 'Markets & Souks', 'Dining', 'Luxury Stays', 'Resort & Relaxation', 'Hospitality', 'Hospitality']"
34,21346500,"Sleep 'n Fly Sleep Lounge, South Node - Transit Only",229,4.5,,,,https://www.tripadvisor.com/Hotel_Review-g294009-d21346500-Reviews-Sleep_n_Fly_Sleep_Lounge_South_Node_Transit_Only-Doha.html,"Airport Terminal, Near Gate B1, Hamad International Airport, Doha Qatar",25.26041,51.614025,https://dynamic-media-cdn.tripadvisor.com/media/photo-o/1c/b3/b3/5e/sleep-n-fly-at-doha-hamad.jpg,"{""current_rank"": 1, ""total"": 20}","{""1"": 22, ""2"": 8, ""3"": 12, ""4"": 25, ""5"": 162}","['hour layover', 'long layover', 'jo ann', 'bunk room', 'airport staff', 'thin walls', 'bed was comfortable', 'between flights', 'see you soon', 'short stay', 'clean rooms', 'excellent service', 'nice stay', 'thank you so much', 'amazing staff', 'enjoyed my stay', 'qatar airways', 'rosette', 'rochelle', 'transit', 'flexi', 'receptionist', 'mich', 'earplugs', 'checkin', 'assistance', 'midnight', 'team', 'support', 'stopover']",Doha,Hotel,"['shuttle', 'Cultural', 'Guest Experience', 'Late Night Experience']"
35,10632887,Golden Tulip Doha,657,4.5,,,,https://www.tripadvisor.com/Hotel_Review-g294009-d10632887-Reviews-Golden_Tulip_Doha-Doha.html,"Al Safilya Street Old Salata, Doha 490 Qatar",25.289825,51.543655,https://dynamic-media-cdn.tripadvisor.com/media/photo-o/10/d7/6c/de/exterior.jpg,"{""current_rank"": 55, ""total"": 224}","{""1"": 8, ""2"": 13, ""3"": 26, ""4"": 92, ""5"": 518}","['symphony restaurant', 'special thanks', 'sofa bed', 'mia park', 'housekeeping service', 'national museum', 'big room', 'nice hotel', 'reception team', 'front office manager', 'walking distance', 'great stay', 'souq waqif', 'recommend this hotel', 'amazing staff', 'early check', 'the hotel staff', 'enjoyed my stay', 'excellent experience', 'excellent service', 'swimming pool', 'sea view', 'rooms are spacious', 'taking care', 'thank you so much', 'house keeping', 'edward', 'manu', 'corniche', 'services']",Doha,Hotel,"['shuttle', 'Water Activities', 'Guest Experience', 'Guest Experience', 'walking tour', 'Supportive Atmosphere']"
36,2527417,The St. Regis Doha,6005,5.0,https://tripadvisor.com/Commerce?p=Marriott_BA&src=183965529&geo=2527417&from=Hotel_Review&area=&slot=1&matchID=1&oos=0&cnt=1&silo=38059&bucket=934872&nrank=1&crank=1&clt=CLD&ttype=ContactLinkDesktop&tm=321026951&managed=false&capped=false&gosox=g3xMt9YCHBy3ZUg-YypssegjQviHlJQg6b-lnBPg98x_z9Z0XP9pjcZi3RyRnEOZWQ4GQxmmZJF_jW3o6HvMaxxlC2CFg1l-MsjPMW28DOY&adults=2&child_rm_ages=&inDay=5&outDay=6&rooms=1&dated=true&inMonth=3&inYear=2025&outMonth=3&outYear=2025&def_d=false&bapid=1&cs=186adc87cef9ae6572303c0a1f1d3cfb9_2cB,,1 (844) 631-0595,https://www.tripadvisor.com/Hotel_Review-g294009-d2527417-Reviews-The_St_Regis_Doha-Doha.html,"Doha West Bay, Doha 14435 Qatar",25.351086,51.530514,https://dynamic-media-cdn.tripadvisor.com/media/photo-o/2f/2d/78/ea/caption.jpg,"{""current_rank"": 1, ""total"": 224}","{""1"": 74, ""2"": 58, ""3"": 159, ""4"": 388, ""5"": 5327}","['butler service', 'the vine', 'sarab lounge', 'astor grill', 'oyster bar', 'special thanks', 'excellent service', 'taking care', 'big thanks', 'amazing hotel', 'wonderful stay', 'private beach', 'thank you so much', 'many thanks', 'amazing experience', 'the pearl', 'amazing staff', 'louie', 'roshan', 'nino', 'hakkasan', 'team', 'brunch', 'cabana', 'anthony', 'services', 'luxury', 'sweets', 'staycation', 'housekeeper']",Doha,Hotel,"['riad', 'Cuisine', 'Premium Hospitality', 'Guest Experience', 'Hospitality']"
37,12948576,Mondrian Hotel Doha,2345,5.0,,,,https://www.tripadvisor.com/Hotel_Review-g294009-d12948576-Reviews-Mondrian_Hotel_Doha-Doha.html,"West Bay Lagoon, Doha Qatar",25.377546,51.52352,https://dynamic-media-cdn.tripadvisor.com/media/photo-o/11/51/76/6c/mondrian-doha.jpg,"{""current_rank"": 11, ""total"": 224}","{""1"": 36, ""2"": 14, ""3"": 29, ""4"": 101, ""5"": 2165}","['cut restaurant', 'black orchid', 'morimoto restaurant', 'wolfgang puck', 'special thanks', 'excellent service', 'thank you so much', 'beautiful hotel', 'amazing experience', 'amazing staff', 'room service', 'house keeping', 'the pearl', 'taking care', 'hudson', 'espa', 'charles', 'emmanuel', 'team', 'mr', 'meera', 'abed', 'staycation', 'housekeeping', 'quarantine', 'therapist', 'concierge', 'kindness', 'valet', 'services']",Doha,Hotel,"['Heritage', 'World-Class Amenities', 'Hospitality']"
38,7323204,"Marsa Malaz Kempinski, The Pearl - Doha",4744,5.0,https://tripadvisor.com/Commerce?p=TABAIndependentHotels&src=0&geo=7323204&from=Hotel_Review&area=&slot=2&matchID=1&oos=0&cnt=1&silo=30356&bucket=875171&ubucket=875171&nrank=1&crank=1&clt=CLD&tm=321026951&managed=false&capped=false&gosox=5_3Y6UYwwGjgw_c7hEwIkYY2ZYh1BlrdpZMHEZi4iLa8eZXpfc2nczeAsrtBJS942TTuRRVb8DNKxrJCm1Klcg&adults=2&child_rm_ages=&inDay=5&outDay=6&rooms=1&inMonth=3&inYear=2025&outMonth=3&outYear=2025&def_d=false&bapid=2&cs=1c693c5bdf776bd3e449fa00c1c1c0d26_UY9,,011 974 4035 5555,https://www.tripadvisor.com/Hotel_Review-g294009-d7323204-Reviews-Marsa_Malaz_Kempinski_The_Pearl_Doha-Doha.html,"Costa Malaz Bay, Doha Qatar",25.375637,51.549713,https://dynamic-media-cdn.tripadvisor.com/media/photo-o/1a/61/a3/a4/marsa-malaz-kempinski.jpg,"{""current_rank"": 13, ""total"": 224}","{""1"": 87, ""2"": 60, ""3"": 95, ""4"": 327, ""5"": 4177}","['the pearl', 'al sufra', 'el faro', 'cafe murano', 'public house', 'clarins spa', 'toro toro', 'secret garden', 'special thanks', 'kids club', 'excellent service', 'beautiful hotel', 'amazing experience', 'thank you so much', 'private beach', 'taking care', 'amazing staff', 'nana', 'kempenski', 'therapist', 'nadia', 'team', 'brunch', 'ramadan', 'luxury', 'staycation', 'services', 'grace', 'friday', 'iftar']",Doha,Hotel,"['Luxury Stays', 'Guest Experience', 'sunbeds']"
39,301895,Movenpick Hotel Doha,1449,4.5,,,,https://www.tripadvisor.com/Hotel_Review-g294009-d301895-Reviews-Movenpick_Hotel_Doha-Doha.html,"Corniche Road, Doha 24220 Qatar",25.290325,51.544598,https://dynamic-media-cdn.tripadvisor.com/media/photo-o/08/b0/40/6c/moevenpick-hotel-doha.jpg,"{""current_rank"": 60, ""total"": 224}","{""1"": 40, ""2"": 33, ""3"": 126, ""4"": 444, ""5"": 806}","['corniche road', 'museum of islamic art', 'seafood night', 'excellent service', 'nice hotel', 'room service', 'west bay', 'special thanks', 'souq', 'suman', 'mr', 'jazz', 'team', 'services', 'gym', 'quarantine']",Doha,Hotel,"['shuttle', 'Luxury Stays', 'Hotel Staff', 'Prime Location']"
40,808824,Plaza Inn,415,3.5,,,,https://www.tripadvisor.com/Hotel_Review-g294009-d808824-Reviews-Plaza_Inn-Doha.html,"Al Meena Street Old Salata Area, Doha Qatar",25.287271,51.54369,https://dynamic-media-cdn.tripadvisor.com/media/photo-o/28/8d/1d/64/plaza-inn-doha.jpg,"{""current_rank"": 113, ""total"": 224}","{""1"": 45, ""2"": 40, ""3"": 85, ""4"": 145, ""5"": 100}","['close to the airport', 'nice hotel', 'standard room', ""night's sleep"", 'swimming pool', 'room service', 'world cup', 'corniche', 'mahindra', 'souq', 'gym', 'mr', 'appreciation', 'support']",Doha,Hotel,"['experience', 'World-Class Amenities', 'Outdoor Spaces', 'Guest Experience', 'Late Night Experience', 'luggage', 'Supportive Atmosphere']"
41,14212465,Alwadi Hotel Doha - MGallery,2179,5.0,https://tripadvisor.com/Commerce?p=TABAIndependentHotels&src=0&geo=14212465&from=Hotel_Review&area=&slot=3&matchID=1&oos=0&cnt=1&silo=30356&bucket=875171&ubucket=875171&nrank=1&crank=1&clt=CLD&tm=321026952&managed=false&capped=false&gosox=5_3Y6UYwwGjgw_c7hEwIkRjj5lR7O6XIuukQ37VTG-KlsQQQBA-RwrVpqllnmBNmze9T-Wo1VNQYl2v1bup7gg&adults=2&child_rm_ages=&inDay=5&outDay=6&rooms=1&inMonth=3&inYear=2025&outMonth=3&outYear=2025&def_d=false&bapid=3&cs=15306ebf171e54db5d1fad854a26fa41a_Vmb,reservations.alwadihotel@accor.com,011 974 4009 9999,https://www.tripadvisor.com/Hotel_Review-g294009-d14212465-Reviews-Alwadi_Hotel_Doha_MGallery-Doha.html,"Corner of Wadi Musheireb and Jassim Bin Mohammed Street Msheireb Downtown, Doha 24910 Qatar",25.285492,51.53072,https://dynamic-media-cdn.tripadvisor.com/media/photo-o/24/79/9b/e7/alwadi-hotel-doha-mgallery.jpg,"{""current_rank"": 6, ""total"": 224}","{""1"": 21, ""2"": 8, ""3"": 20, ""4"": 106, ""5"": 2024}","['al wadi', 'colonial restaurant', 'm gallery', 'special thanks', 'rooftop bar', 'room service', 'room cleaning', 'concierge team', 'excellent service', 'memorable stay', 'souq waqif', 'metro station', 'keep up the good work', 'front office', 'taking care', 'amazing hotel', 'thank you so much', 'house keeping', 'comfortable stay', 'many thanks', 'hotel staff', 'amazing staff', 'amazing experience', 'sofra', 'bacem', 'putri', 'bhawani', 'cantika', 'mr', 'ayoub']",Doha,Hotel,"['Oreintal', 'Local Flavors', 'Premium Hospitality', 'long stay', 'Comfort & Hygiene', 'Positive Vibes']"
42,25165679,"Sleep 'n Fly Sleep Lounge & Showers, North Node - Transit Only",180,5.0,,,,https://www.tripadvisor.com/Hotel_Review-g294009-d25165679-Reviews-Sleep_n_Fly_Sleep_Lounge_Showers_North_Node_Transit_Only-Doha.html,"Opposite Gates C30/31 Transit Area Hamad International Airport, Doha Qatar",25.264662,51.61355,https://dynamic-media-cdn.tripadvisor.com/media/photo-o/28/5a/a9/a6/sleep-n-fly-at-doha-hamad.jpg,"{""current_rank"": 1, ""total"": 24}","{""1"": 1, ""2"": 2, ""3"": 1, ""4"": 11, ""5"": 167}","['hour layover', 'long flight', 'excellent experience', 'excellent service', 'rochelle', 'shower', 'receptionist', 'cabin', 'facilities']",Doha,Hotel,"['Markets & Souks', 'Guest Experience']"
43,10786373,The Curve Hotel,459,4.5,,,,https://www.tripadvisor.com/Hotel_Review-g294009-d10786373-Reviews-The_Curve_Hotel-Doha.html,"Diplomatic Street West Bay, Doha 13257 Qatar",25.326288,51.53827,https://dynamic-media-cdn.tripadvisor.com/media/photo-o/24/ff/01/bf/swimming-pool.jpg,"{""current_rank"": 75, ""total"": 224}","{""1"": 32, ""2"": 6, ""3"": 22, ""4"": 77, ""5"": 322}","['rooftop pool', 'junior studio', 'west bay', 'small kitchen', 'cleaning staff', 'nice sea view', 'washing machine', 'amazing pool', 'long term stay', 'special thanks', 'hotel staff', 'many thanks', 'enjoyed my stay', 'gym', 'mr', 'aparthotel', 'services', 'suman', 'receptionist', 'team', 'staycation', 'assistance']",Doha,Hotel,"['Refreshing Retreats', 'Hospitality']"
44,965948,Ezdan Hotel,4438,4.5,,,,https://www.tripadvisor.com/Hotel_Review-g294009-d965948-Reviews-Ezdan_Hotel-Doha.html,"no.950 Zone 63 23 Al Kharais St, Doha 23488 Qatar",25.318832,51.522602,https://dynamic-media-cdn.tripadvisor.com/media/photo-o/13/9f/cc/36/ezdan-hotel.jpg,"{""current_rank"": 76, ""total"": 224}","{""1"": 268, ""2"": 136, ""3"": 317, ""4"": 1204, ""5"": 2513}","['ezdan tower', 'tower reception', 'swimming pool', 'west bay', 'long stay', 'special thanks', 'excellent service', 'long term', 'front office', 'housekeeping', 'mr', 'facilities', 'services', 'supermarket', 'guys', 'team', 'receptionist', 'laundry', 'qatar', 'department', 'support', 'assistance']",Doha,Hotel,"['Oreintal', 'Beverages', 'Hospitality', 'Qatari Elegance']"
45,27133709,Millennium Place Doha,87,5.0,,,,https://www.tripadvisor.com/Hotel_Review-g294009-d27133709-Reviews-Millennium_Place_Doha-Doha.html,"Badr Street 820 Building 15, Doha Qatar",25.270779,51.515133,https://dynamic-media-cdn.tripadvisor.com/media/photo-o/2d/1b/46/65/caption.jpg,"{""current_rank"": 86, ""total"": 224}","{""1"": 2, ""2"": 2, ""3"": 1, ""4"": 5, ""5"": 77}",[],Doha,Hotel,[]
46,3786583,Sovereign Hotel,4,3.0,,,,https://www.tripadvisor.com/Hotel_Review-g294009-d3786583-Reviews-Sovereign_Hotel-Doha.html,"Ras Abu Aboud Street Building No 17, 840 Addi Bin Zaid, Doha Qatar",25.284609,51.546303,https://dynamic-media-cdn.tripadvisor.com/media/photo-o/1c/58/67/52/sovereign-hotel.jpg,"{""current_rank"": 170, ""total"": 224}","{""1"": 2, ""2"": 0, ""3"": 0, ""4"": 0, ""5"": 2}",[],Doha,Hotel,[]
47,14211795,"Mandarin Oriental, Doha",403,5.0,,,,https://www.tripadvisor.com/Hotel_Review-g294009-d14211795-Reviews-Mandarin_Oriental_Doha-Doha.html,"Barahat Msheireb Street Msheireb Downtown, Doha 23643 Qatar",25.28596,51.52583,https://dynamic-media-cdn.tripadvisor.com/media/photo-o/2c/28/8c/2d/guest-room.jpg,"{""current_rank"": 37, ""total"": 224}","{""1"": 6, ""2"": 2, ""3"": 7, ""4"": 16, ""5"": 372}","['mosaic restaurant', 'cake shop', 'mo hotel', 'every single detail', 'luxury hotel', 'stayed longer', 'breakfast staff', 'superb hotel', 'upgraded to a suite', 'f b', 'special thanks', 'guest relations', 'pool staff', 'professional staff', 'world cup', 'see you soon', 'exceptional service', 'late check', 'taking care', 'sushi', 'great hospitality', 'thank you so much', 'house keeping', 'izu', 'funda', 'ambar', 'liang', 'team', 'souq', 'services']",Doha,Hotel,"['restaurant', 'long stay', 'Guest Experience', 'Skyline Views', 'Supportive Atmosphere']"
48,3269671,Souq Waqif Boutique Hotels by Tivoli,1765,4.5,https://tripadvisor.com/Commerce?p=TABAIndependentHotels&src=0&geo=3269671&from=Hotel_Review&area=&slot=1&matchID=1&oos=0&cnt=1&silo=30356&bucket=875171&ubucket=875171&nrank=1&crank=1&clt=CLD&tm=321026952&managed=false&capped=false&gosox=5_3Y6UYwwGjgw_c7hEwIkaTleyty1qIGoxSRuQOs7KiZOiVZNudIzCAagjmxb_85Sx5Cs-_Q-_ObSTa0jCjC3g&adults=2&child_rm_ages=&inDay=5&outDay=6&rooms=1&inMonth=3&inYear=2025&outMonth=3&outYear=2025&def_d=false&bapid=1&cs=1a9ea1084ca16c2e90d565177c74cc531_uti,souqwaqif@tivolihotels.com,011 974 4433 6666,https://www.tripadvisor.com/Hotel_Review-g294009-d3269671-Reviews-Souq_Waqif_Boutique_Hotels_by_Tivoli-Doha.html,"Souq Waqif, Doha 1274 Qatar",25.288445,51.532146,https://dynamic-media-cdn.tripadvisor.com/media/photo-o/2d/70/c7/40/facade-and-exterior-at.jpg,"{""current_rank"": 64, ""total"": 224}","{""1"": 37, ""2"": 28, ""3"": 59, ""4"": 274, ""5"": 1368}","['al mirqab', 'souq waqif', 'falcon hospital', 'free walking tour', 'complimentary tour', 'horse stables', 'golf buggy', 'museum of islamic art', 'qatar airways', 'arabic coffee', 'other hotels', 'short stay', 'visiting doha', 'special thanks', 'stopover', 'emad', 'corniche', 'abu', 'mr', 'ramadan', 'assistance']",Doha,Hotel,"['experience', 'Arabic', 'Excursion Ready']"
49,2255708,Horizon Manor Hotel,380,3.5,,,,https://www.tripadvisor.com/Hotel_Review-g294009-d2255708-Reviews-Horizon_Manor_Hotel-Doha.html,"Jaber Bin Mohammed Street Opposite Islamic Art Museum, Doha 8299 Qatar",25.289162,51.53992,https://dynamic-media-cdn.tripadvisor.com/media/photo-o/25/79/bb/d9/for-enchanting-memories.jpg,"{""current_rank"": 121, ""total"": 224}","{""1"": 49, ""2"": 30, ""3"": 93, ""4"": 121, ""5"": 87}","['fahrenheit', 'corniche', 'stopover']",Doha,Hotel,"['shuttle', 'Cultural']"
50,17480161,ONOMO Hotel Casablanca Airport,216,4.0,,,,https://www.tripadvisor.com/Hotel_Review-g293732-d17480161-Reviews-ONOMO_Hotel_Casablanca_Airport-Casablanca_Casablanca_Settat.html,"H6, Nouacer ZF 6, lotissement du Parc, Casablanca 27000 Morocco",33.372837,-7.566665,https://dynamic-media-cdn.tripadvisor.com/media/photo-o/2c/29/15/da/standard-room.jpg,"{""current_rank"": 31, ""total"": 121}","{""1"": 27, ""2"": 11, ""3"": 29, ""4"": 51, ""5"": 98}","['close to the airport', 'casablanca airport', 'minutes from the airport', 'shuttle bus', 'exceptional hotel', 'check in was easy', 'bathroom door', 'recommend staying here', 'short stay', 'night stay', 'a great stay', 'room was spacious', 'morocco', 'proximity', 'midnight', 'dh', 'cleaning']",Casablanca,Hotel,"['shuttle', 'Outdoor Spaces', 'Hidden Gems', 'luggage']"
51,11953047,Le Casablanca Hotel,1186,4.5,,,,https://www.tripadvisor.com/Hotel_Review-g293732-d11953047-Reviews-Le_Casablanca_Hotel-Casablanca_Casablanca_Settat.html,"19 Boulevard Moulay Rachid, Casablanca 20660 Morocco",33.58881,-7.647712,https://dynamic-media-cdn.tripadvisor.com/media/photo-o/29/58/d6/60/le-casablanca-hotel.jpg,"{""current_rank"": 1, ""total"": 121}","{""1"": 25, ""2"": 35, ""3"": 44, ""4"": 148, ""5"": 934}","['beautiful hotel', 'art deco', 'the heart of the city', 'wonderful stay', 'public areas', 'room was spacious', 'business trip', 'breakfast buffet', 'four seasons', 'terrasse', 'jasmin', 'morocco', 'sara', 'nadir', 'luxury', 'comfort', 'hammam', 'bedding', 'driver', 'casa']",Casablanca,Hotel,"['World-Class Amenities', 'Guest Experience', 'long stay', 'Peace & Quiet', 'luggage', 'guided tour']"
52,15515018,Barcelo Anfa Casablanca,800,4.5,,,,https://www.tripadvisor.com/Hotel_Review-g293732-d15515018-Reviews-Barcelo_Anfa_Casablanca-Casablanca_Casablanca_Settat.html,"44 Boulevard d'Anfa, Casablanca 20000 Morocco",33.594666,-7.628729,https://dynamic-media-cdn.tripadvisor.com/media/photo-o/15/9e/be/fa/lobby.jpg,"{""current_rank"": 2, ""total"": 121}","{""1"": 24, ""2"": 8, ""3"": 30, ""4"": 114, ""5"": 624}","['guest experience manager', 'great modern hotel', 'pool view', 'modern rooms', 'fantastic stay', 'lobby bar', 'bed was comfortable', 'nice pool', 'breakfast was excellent', 'comfortable stay', 'the hotel staff', 'business trip', 'late at night', 'during ramadan', 'room service', 'hassan ii', 'one night stay', 'front desk staff', 'short stay', 'central location', 'star hotel', 'business hotel', 'barcelo', 'morocco', 'osama', 'amenities', 'gym', 'sink', 'taxi', 'hammam']",Casablanca,Hotel,"['riad', 'Water Activities', 'Hotel Staff', 'Live Jazz & Blues', 'airport', 'guided tour']"
53,8782614,Four Seasons Hotel Casablanca,1194,4.5,,,,https://www.tripadvisor.com/Hotel_Review-g293732-d8782614-Reviews-Four_Seasons_Hotel_Casablanca-Casablanca_Casablanca_Settat.html,"Boulevard de la Corniche Anfa Place Living Resort, Casablanca 20050 Morocco",33.599598,-7.663816,https://dynamic-media-cdn.tripadvisor.com/media/photo-o/2c/2e/9e/fa/cblhotelexterior.jpg,"{""current_rank"": 7, ""total"": 121}","{""1"": 50, ""2"": 46, ""3"": 76, ""4"": 207, ""5"": 815}","['mint restaurant', 'the atlantic ocean', 'beautiful property', 'ocean front', 'anfa place', 'breakfast buffet is', 'room service', 'luxury hotel', 'perfect stay', 'business trip', 'hassan ii', 'bleu', 'fs', 'spa', 'licensed', 'morocco', 'concierge', 'proximity', 'corniche']",Casablanca,Hotel,"['parking', 'Oreintal', 'Luxury Stays', 'Guided Adventures']"
54,14111085,Hotel Campanile Casablanca Centre Ville,137,4.0,,,,https://www.tripadvisor.com/Hotel_Review-g293732-d14111085-Reviews-Hotel_Campanile_Casablanca_Centre_Ville-Casablanca_Casablanca_Settat.html,"Angle Boulevard Mohammed V et rue Laon, Casablanca 20300 Morocco",33.5935,-7.59954,https://dynamic-media-cdn.tripadvisor.com/media/photo-o/2e/0b/b9/bd/facade.jpg,"{""current_rank"": 41, ""total"": 121}","{""1"": 14, ""2"": 13, ""3"": 22, ""4"": 24, ""5"": 64}","['g adventures tour', 'tram line', 'nice room', 'casa voyageurs', 'receptionist', 'morocco']",Casablanca,Hotel,"['parking', 'Markets & Souks', 'Accommodation', 'walking tour']"
55,15153598,Kyriad Residence Casablanca Centre Ville,51,4.5,,,,https://www.tripadvisor.com/Hotel_Review-g293732-d15153598-Reviews-Kyriad_Residence_Casablanca_Centre_Ville-Casablanca_Casablanca_Settat.html,"Angle Rue Laon Et Rue Qortobi, Casablanca 20250 Morocco",33.594166,-7.59951,https://dynamic-media-cdn.tripadvisor.com/media/photo-o/29/b2/e1/b8/kyriad-residence-casablanca.jpg,"{""current_rank"": 25, ""total"": 121}","{""1"": 0, ""2"": 0, ""3"": 2, ""4"": 12, ""5"": 37}","['casa voyageurs', 'the hotel is clean', 'hotel is located', 'port']",Casablanca,Hotel,"['parking', 'Opulent Escapes']"
56,6467850,Ibis Casablanca,646,4.5,,,,https://www.tripadvisor.com/Hotel_Review-g293732-d6467850-Reviews-Ibis_Casablanca-Casablanca_Casablanca_Settat.html,"Parcelle F Zone Nearshore Sidi Maarouf, Casablanca 20190 Morocco",33.525326,-7.640367,https://dynamic-media-cdn.tripadvisor.com/media/photo-o/0e/a4/d9/31/photo0jpg.jpg,"{""current_rank"": 6, ""total"": 121}","{""1"": 27, ""2"": 24, ""3"": 68, ""4"": 142, ""5"": 385}","['comfortable bed', 'wifi', 'housekeeping']",Casablanca,Hotel,"['riad', 'Guest Experience']"
57,304343,Hotel Kenzi Basma,844,4.0,,,,https://www.tripadvisor.com/Hotel_Review-g293732-d304343-Reviews-Hotel_Kenzi_Basma-Casablanca_Casablanca_Settat.html,"Avenue Moulay Hassan 1er, Casablanca 22000 Morocco",33.59452,-7.620668,https://dynamic-media-cdn.tripadvisor.com/media/photo-o/2b/f2/ce/82/caption.jpg,"{""current_rank"": 8, ""total"": 121}","{""1"": 52, ""2"": 62, ""3"": 153, ""4"": 186, ""5"": 391}","['spacious rooms', 'central location', 'the wi fi', 'very nice hotel', 'medina', 'casa']",Casablanca,Hotel,['Hotel Staff']
58,601764,Barcelo Casablanca,844,4.0,,,,https://www.tripadvisor.com/Hotel_Review-g293732-d601764-Reviews-Barcelo_Casablanca-Casablanca_Casablanca_Settat.html,"139 Boulevard d' Anfa, Casablanca 20000 Morocco",33.591225,-7.635221,https://dynamic-media-cdn.tripadvisor.com/media/photo-o/0c/cc/ee/98/guest-room.jpg,"{""current_rank"": 14, ""total"": 121}","{""1"": 59, ""2"": 67, ""3"": 153, ""4"": 255, ""5"": 310}","['modern hotel', 'rooms are big', 'breakfast buffet', 'barcelo', 'morocco', 'casa', 'medina']",Casablanca,Hotel,"['Food & Drink', 'Luxury Stays', 'Hospitality']"
59,11550032,MELLIBER Appart Hotel,581,4.0,,,,https://www.tripadvisor.com/Hotel_Review-g293732-d11550032-Reviews-MELLIBER_Appart_Hotel-Casablanca_Casablanca_Settat.html,"138 Boulevard Moulay Youssef Corner Of Tiznit Street, Casablanca 20250 Morocco",33.60422,-7.632863,https://dynamic-media-cdn.tripadvisor.com/media/photo-o/1a/cc/5d/42/melliber-appart-hotel.jpg,"{""current_rank"": 15, ""total"": 121}","{""1"": 34, ""2"": 27, ""3"": 60, ""4"": 182, ""5"": 278}","['hassan ii', 'one night', 'great hotel', 'mosque view', 'few minutes walk', 'excellent location', 'rooms are comfortable', 'early check', 'booked this hotel', 'buffet breakfast', 'casablanca hotel', 'short stay', 'kitchenette', 'taxi', 'balcony', 'morocco', 'luggage', 'prayer', 'corniche', 'proximity', 'medina', 'banks', 'midnight', 'convenience']",Casablanca,Hotel,"['Arabic', 'Wellness & Balance']"
60,305589,Kaan Casablanca.,18,4.5,,,,https://www.tripadvisor.com/Hotel_Review-g293732-d305589-Reviews-Kaan_Casablanca-Casablanca_Casablanca_Settat.html,"Moulay Hassan 1Er, Casablanca 20000 Morocco",33.5932,-7.623221,https://dynamic-media-cdn.tripadvisor.com/media/photo-o/2a/f3/8a/8f/caption.jpg,"{""current_rank"": 46, ""total"": 121}","{""1"": 2, ""2"": 0, ""3"": 2, ""4"": 0, ""5"": 14}",[],Casablanca,Hotel,[]
61,14934587,Suite Hotel Casa Diamond,113,4.5,,,,https://www.tripadvisor.com/Hotel_Review-g293732-d14934587-Reviews-Suite_Hotel_Casa_Diamond-Casablanca_Casablanca_Settat.html,"Angle Avenue Hassan II Rue othmane Ben Affane, Casablanca 20070 Morocco",33.585773,-7.622504,https://dynamic-media-cdn.tripadvisor.com/media/photo-o/16/17/2b/89/suite-hotel-casa-diamond.jpg,"{""current_rank"": 24, ""total"": 121}","{""1"": 7, ""2"": 3, ""3"": 3, ""4"": 17, ""5"": 83}","['small kitchen', 'great hotel', 'comfort', 'morocco']",Casablanca,Hotel,[]
62,25180241,Casablanca Marriott Hotel,271,4.5,https://tripadvisor.com/Commerce?p=Marriott_BA&src=240018186&geo=25180241&from=Hotel_Review&area=&slot=1&matchID=1&oos=0&cnt=1&silo=38059&bucket=934872&nrank=1&crank=1&clt=CLD&ttype=ContactLinkDesktop&tm=321027074&managed=false&capped=false&gosox=g3xMt9YCHBy3ZUg-YypssegjQviHlJQg6b-lnBPg98x_z9Z0XP9pjcZi3RyRnEOZKFXrlRTcLer3IWjZBUJVF3POcfwk_TKO1mSamrtbDGM&adults=2&child_rm_ages=&inDay=5&outDay=6&rooms=1&dated=true&inMonth=3&inYear=2025&outMonth=3&outYear=2025&def_d=false&bapid=1&cs=1144ed68f3ee2670d7be745b7b0534bf1_Jz9,,1 (844) 631-0595,https://www.tripadvisor.com/Hotel_Review-g293732-d25180241-Reviews-Casablanca_Marriott_Hotel-Casablanca_Casablanca_Settat.html,"100 Avenue des FAR, Casablanca 20000 Morocco",33.59623,-7.611699,https://dynamic-media-cdn.tripadvisor.com/media/photo-o/2e/66/ed/0d/hotel-aerial-day.jpg,"{""current_rank"": 3, ""total"": 121}","{""1"": 5, ""2"": 6, ""3"": 20, ""4"": 22, ""5"": 218}","['soft opening', 'm club', ""rick's cafe"", 'front desk', 'hassan ii', 'housekeeping', 'luggage', 'concierge', 'mosque', 'medina', 'morocco']",Casablanca,Hotel,"['shuttle', 'Oreintal', 'Beverages', 'Guest Experience', 'Guest Experience', 'airport']"
63,2542825,Sofitel Casablanca Tour Blanche,3154,4.5,https://tripadvisor.com/Commerce?p=TABAIndependentHotels&src=0&geo=2542825&from=Hotel_Review&area=&slot=1&matchID=1&oos=0&cnt=1&silo=30356&bucket=875171&ubucket=875171&nrank=1&crank=1&clt=CLD&tm=321027074&managed=false&capped=false&gosox=5_3Y6UYwwGjgw_c7hEwIkQcYcYZTjrPa08kecCFRir0mP9HqJR-TktKDLi7onwxjKC2PdPnBAr40clL5Jf1MjA&adults=2&child_rm_ages=&inDay=5&outDay=6&rooms=1&inMonth=3&inYear=2025&outMonth=3&outYear=2025&def_d=false&bapid=1&cs=13c74d024658ba9019747715f30e437c4_CyV,h6811@sofitel.com,011 212 5224-56211,https://www.tripadvisor.com/Hotel_Review-g293732-d2542825-Reviews-Sofitel_Casablanca_Tour_Blanche-Casablanca_Casablanca_Settat.html,"Rue Sidi Belyout, Casablanca 20000 Morocco",33.597626,-7.614111,https://dynamic-media-cdn.tripadvisor.com/media/photo-o/12/f4/fc/7e/sofitel-casablanca-tour.jpg,"{""current_rank"": 5, ""total"": 121}","{""1"": 75, ""2"": 86, ""3"": 192, ""4"": 571, ""5"": 2230}","['hassan ii', 'guest relations', 'beautiful hotel', 'business trip', 'train station', 'casa port', 'spa', 'amal', 'concierge', 'morocco', 'maha', 'hind', 'medina', 'luxury', 'french']",Casablanca,Hotel,"['Luxury Stays', 'Guest Experience']"
64,14176634,Lhostel a Casablanca,36,4.5,https://tripadvisor.com/Commerce?p=TABAIndependentHotels&src=0&geo=14176634&from=Hotel_Review&area=&slot=2&matchID=1&oos=0&cnt=1&silo=30356&bucket=875171&ubucket=875171&nrank=1&crank=1&clt=CLD&tm=321027076&managed=false&capped=false&gosox=5_3Y6UYwwGjgw_c7hEwIkYfXLmklorIpFiybJQyyyDFkWPGSSDC9cF7SqAqEtQFqMgYsE8n9VvwY7UqZTX_xfA&adults=2&child_rm_ages=&inDay=5&outDay=6&rooms=1&inMonth=3&inYear=2025&outMonth=3&outYear=2025&def_d=false&bapid=2&cs=16423e5e7afbbfca25b47fef8c2907437_Zle,lhostelacasablanca@gmail.com,011 212 622-408007,https://www.tripadvisor.com/Hotel_Review-g293732-d14176634-Reviews-Lhostel_a_Casablanca-Casablanca_Casablanca_Settat.html,"6 Rue d'Aix. Quartier Oasis, Casablanca 20410 Morocco",33.56164,-7.629444,https://dynamic-media-cdn.tripadvisor.com/media/photo-o/22/01/fc/65/le-jardin.jpg,"{""current_rank"": 1, ""total"": 31}","{""1"": 1, ""2"": 0, ""3"": 3, ""4"": 5, ""5"": 27}","['fresh orange juice', 'train station', 'property', 'french', 'sleep', 'morocco']",Casablanca,Hotel,"['parking', 'Cultural', 'Food & Drink', 'Evening Activities']"
65,15327294,Onomo Hotel Casablanca City Center,279,4.5,,,,https://www.tripadvisor.com/Hotel_Review-g293732-d15327294-Reviews-Onomo_Hotel_Casablanca_City_Center-Casablanca_Casablanca_Settat.html,"Croisement avenue Massira et Normandie, Casablanca 20000 Morocco",33.58635,-7.639012,https://dynamic-media-cdn.tripadvisor.com/media/photo-o/2c/29/14/7d/azour.jpg,"{""current_rank"": 10, ""total"": 121}","{""1"": 27, ""2"": 7, ""3"": 9, ""4"": 38, ""5"": 198}","['terrace bar', 'second home', 'perfect hotel', 'reception team', 'house keeping', 'the hotel staff', 'clean rooms', 'location is great', 'business hotel', 'badia', 'hossam', 'comfort', 'morocco', 'french', 'housekeeping', 'casa']",Casablanca,Hotel,"['parking', 'Accommodation', 'Guest Experience', 'Wellness & Balance']"
66,302633,Royal Mansour Casablanca,42,5.0,,,,https://www.tripadvisor.com/Hotel_Review-g293732-d302633-Reviews-Royal_Mansour_Casablanca-Casablanca_Casablanca_Settat.html,"27 Avenue des Forces Armees Royales, Casablanca 20 250 Morocco",33.59697,-7.61442,https://dynamic-media-cdn.tripadvisor.com/media/photo-o/2c/03/ef/f4/lobby.jpg,"{""current_rank"": 18, ""total"": 121}","{""1"": 0, ""2"": 2, ""3"": 1, ""4"": 2, ""5"": 37}",[],Casablanca,Hotel,[]
67,656311,Novotel Casablanca City Center Hotel,1962,3.5,,,,https://www.tripadvisor.com/Hotel_Review-g293732-d656311-Reviews-Novotel_Casablanca_City_Center_Hotel-Casablanca_Casablanca_Settat.html,"Angle Zaid Ouhmad Rue Sidi Belyout, Casablanca 20190 Morocco",33.598595,-7.613461,https://dynamic-media-cdn.tripadvisor.com/media/photo-o/19/6a/d2/27/photo0jpg.jpg,"{""current_rank"": 19, ""total"": 121}","{""1"": 121, ""2"": 195, ""3"": 502, ""4"": 617, ""5"": 527}","['train station', 'casa port', 'business trip', 'hassan']",Casablanca,Hotel,"['Heritage', 'Walk & Discover']"
68,19267015,"Radisson Blu Hotel, Casablanca City Center",314,4.0,https://tripadvisor.com/Commerce?p=TABAIndependentHotels&src=0&geo=19267015&from=Hotel_Review&area=&slot=1&matchID=1&oos=0&cnt=1&silo=30356&bucket=875171&ubucket=875171&nrank=1&crank=1&clt=CLD&tm=321027075&managed=false&capped=false&gosox=5_3Y6UYwwGjgw_c7hEwIkYeaWtkx0sZ7mNKigsNWMdzNLkNMK5GjfdHTD0WUQcMoUI7RMvEzVfNGtijikn3Zfw&adults=2&child_rm_ages=&inDay=5&outDay=6&rooms=1&inMonth=3&inYear=2025&outMonth=3&outYear=2025&def_d=false&bapid=1&cs=1dde9949be0616df0566512bfa9f023c4_5HB,,011 212 5220-80808,https://www.tripadvisor.com/Hotel_Review-g293732-d19267015-Reviews-Radisson_Blu_Hotel_Casablanca_City_Center-Casablanca_Casablanca_Settat.html,"2, Boulevard Mohamed Diouri, Casablanca 20300 Morocco",33.59349,-7.608022,https://dynamic-media-cdn.tripadvisor.com/media/photo-o/1a/52/a6/74/radisson-blu-hotel-casablanca.jpg,"{""current_rank"": 21, ""total"": 121}","{""1"": 26, ""2"": 28, ""3"": 27, ""4"": 55, ""5"": 178}","['coffee shop across the street', 'blackout curtains', 'spa services', 'exceptional staff', 'amazing hotel', 'a wonderful stay', 'tram line', 'junior suite', 'rooftop bar', 'busy city', 'buffet breakfast', 'first stop', 'restaurant staff', 'room service', 'front desk staff', 'comfortable beds', 'yogurt', 'hassan ii', 'sabir', 'yuzu', 'morocco', 'huda', 'lobby', 'checkin', 'atm', 'casa', 'passport', 'arabic', 'taxis', 'medina']",Casablanca,Hotel,"['restaurant', 'Hospitality', 'Comfort & Hygiene', 'Comfort & Enjoyment', 'Vibrant Nightlife']"
69,20036182,Ibis Casablanca Abdelmoumen Hotel,106,4.5,,,,https://www.tripadvisor.com/Hotel_Review-g293732-d20036182-Reviews-Ibis_Casablanca_Abdelmoumen_Hotel-Casablanca_Casablanca_Settat.html,"Boulevard Abdelmoumen, Casablanca 20042 Morocco",33.579887,-7.625158,https://dynamic-media-cdn.tripadvisor.com/media/photo-o/2a/a8/1b/02/caption.jpg,"{""current_rank"": 22, ""total"": 121}","{""1"": 7, ""2"": 0, ""3"": 1, ""4"": 6, ""5"": 92}",[],Casablanca,Hotel,[]
70,305587,Idou Anfa Hotel,93,4.0,,,,https://www.tripadvisor.com/Hotel_Review-g293732-d305587-Reviews-Idou_Anfa_Hotel-Casablanca_Casablanca_Settat.html,"85 Boulevard d'Anfa, Casablanca 20000 Morocco",33.592255,-7.632555,https://dynamic-media-cdn.tripadvisor.com/media/photo-o/22/30/2e/8a/idou-anfa-hotel-spa.jpg,"{""current_rank"": 34, ""total"": 121}","{""1"": 9, ""2"": 6, ""3"": 9, ""4"": 33, ""5"": 36}","['top floor', 'hassan ii', 'the upper floors', 'clean rooms', 'the heart of the city', 'breakfast buffet', 'very nice hotel', 'boulevard']",Casablanca,Hotel,"['Opulent Escapes', 'Guest Experience', 'Easy Access']"
71,1071715,Kenzi Tower Hotel,66,4.0,,,,https://www.tripadvisor.com/Hotel_Review-g293732-d1071715-Reviews-Kenzi_Tower_Hotel-Casablanca_Casablanca_Settat.html,"Bd Mohammed Zerktouni Twin Center, Casablanca 20100 Morocco",33.586864,-7.631972,https://dynamic-media-cdn.tripadvisor.com/media/photo-o/2b/d1/7c/67/caption.jpg,"{""current_rank"": 38, ""total"": 121}","{""1"": 7, ""2"": 5, ""3"": 11, ""4"": 8, ""5"": 35}","['sky bar', 'top floor', 'business trip', 'rain shower', 'nice hotel', 'room service', 'tour group', 'hassan ii', 'concierge', 'morocco', 'elevator']",Casablanca,Hotel,"['Arabic', 'World-Class Amenities', 'Hotel Staff', 'Easy Access', 'Scenic Walks']"
72,27103343,Unico Hotel,9,4.0,,,,https://www.tripadvisor.com/Hotel_Review-g293732-d27103343-Reviews-Unico_Hotel-Casablanca_Casablanca_Settat.html,"5 Rue du Gabon, Casablanca 20250 Morocco",33.5928,-7.63471,https://dynamic-media-cdn.tripadvisor.com/media/photo-o/2b/49/29/5d/au-ceour-de-casablanca.jpg,"{""current_rank"": 72, ""total"": 121}","{""1"": 2, ""2"": 1, ""3"": 0, ""4"": 0, ""5"": 6}",[],Casablanca,Hotel,[]
73,308320,Casablanca Le Lido Thalasso & Spa,611,3.0,,,,https://www.tripadvisor.com/Hotel_Review-g293732-d308320-Reviews-Casablanca_Le_Lido_Thalasso_Spa-Casablanca_Casablanca_Settat.html,"Boulevard de la Corniche Ain Diab, Casablanca 20180 Morocco",33.5972,-7.670516,https://dynamic-media-cdn.tripadvisor.com/media/photo-o/11/6f/e6/32/casablanca-le-lido-thalasso.jpg,"{""current_rank"": 99, ""total"": 121}","{""1"": 154, ""2"": 121, ""3"": 127, ""4"": 140, ""5"": 69}","['hassan ii', 'mosque']",Casablanca,Hotel,['Markets & Souks']
74,8352592,Kenzi Sidi Maarouf Hotel,472,4.0,,,,https://www.tripadvisor.com/Hotel_Review-g293732-d8352592-Reviews-Kenzi_Sidi_Maarouf_Hotel-Casablanca_Casablanca_Settat.html,"Lotissement El Fath 2, Casablanca 20190 Morocco",33.539757,-7.643486,https://dynamic-media-cdn.tripadvisor.com/media/photo-o/28/24/64/65/kenzi-sidi-maarouf-hotel.jpg,"{""current_rank"": 12, ""total"": 121}","{""1"": 28, ""2"": 16, ""3"": 52, ""4"": 135, ""5"": 241}","['quiet area', 'rooftop bar', 'business trip', 'very pleasant stay', 'reception staff', 'clean rooms', 'taxi', 'tram', 'morocco']",Casablanca,Hotel,"['Outdoor Spaces', 'Guest Experience', 'Guest Experience', 'Comfort & Enjoyment', 'Live Jazz & Blues', 'guided tour']"
